_embedded_show_externals_tvrage,_embedded_show_externals_thetvdb,_embedded_show_externals_imdb
,,
,393060.0,
,393060.0,
,380207.0,
,388680.0,tt13695606
,,
,373360.0,
,395235.0,
,397247.0,
,397247.0,
,392752.0,
,392410.0,tt13470370
,392410.0,tt13470370
,392649.0,tt11492320
,,
,,
,356338.0,tt9780442
,359414.0,tt5044186
,410086.0,tt12428002
,368257.0,tt10727044
,394045.0,
,,tt15561200
,,tt15561200
,,tt15561200
,,
41967.0,280619.0,tt3230854
41967.0,280619.0,tt3230854
41967.0,280619.0,tt3230854
,278793.0,tt1714810
,278793.0,tt1714810
,315380.0,tt5715678
,315061.0,tt9169598
,265193.0,
,,
,,
,,
,290686.0,tt4087032
,,
,374690.0,tt11434874
,321364.0,tt6618922
,,
,377738.0,
,,
,,
,356728.0,
,,
,391453.0,tt13486136
,391453.0,tt13486136
,391453.0,tt13486136
,391453.0,tt13486136
,391453.0,tt13486136
,391453.0,tt13486136
,392096.0,
,392096.0,
,392096.0,
,392096.0,
,392214.0,
,392214.0,
,,
,,
,392362.0,tt13539710
,392362.0,tt13539710
,392287.0,tt13492362
,392287.0,tt13492362
,392287.0,tt13492362
,,
,,
,331365.0,tt6268260
,,
,,
,392679.0,tt13568876
,392679.0,tt13568876
,,
,,
,,
,,
,,
,,
,,
,,
,,
,393381.0,tt13598988
,393381.0,tt13598988
,,tt13599000
,,tt13599000
,,tt13599000
,,tt13599000
,,tt13599000
,,tt13599000
,,tt13599000
,,tt13599000
,,
,380975.0,
,389798.0,
,,
,391758.0,
,372565.0,tt9206788
,394627.0,tt13370842
,369798.0,tt12457946
,274175.0,tt0211159
,326962.0,tt6853288
,371044.0,
,336628.0,
,,
,354216.0,tt9646546
19056.0,104271.0,tt0096597
25100.0,144541.0,tt1601141
,386818.0,
